,# Patients,Runtime in s
0,10,0.14151692390441895
1,100,0.11528396606445312
2,500,0.17136740684509277
3,1000,0.15413522720336914
4,5000,0.22852492332458496
5,10000,0.3465304374694824
6,15000,0.42133378982543945
