# Patients,Runtime in s
10,0.14151692390441895
100,0.11528396606445312
500,0.17136740684509275
1000,0.15413522720336914
5000,0.22852492332458496
10000,0.3465304374694824
15000,0.42133378982543945
