,# Patients,Runtime in s
0,10,25.031510829925537
1,100,217.10588884353638
2,500,1164.339911699295
3,1000,2246.6921224594116
4,5000,12130.668924570084
5,10000,25106.145807504654
6,15000,35904.84289240837
