# Patients,Runtime in s
10,25.031510829925537
100,217.1058888435364
500,1164.339911699295
1000,2246.692122459412
5000,12130.668924570084
10000,25106.145807504654
15000,35904.84289240837
