Unnamed: 0,# Patients,Runtime in s
0,10,1.1182384490966797
1,100,1.2537543773651123
2,500,1.5052311420440674
3,1000,1.5150899887084959
4,5000,0.8154289722442627
5,10000,1.006622552871704
6,15000,3.4073472023010254
