# Patients,Runtime in s
10,1.1182384490966797
100,1.2537543773651123
500,1.5052311420440674
1000,1.5150899887084959
5000,0.8154289722442627
10000,1.006622552871704
15000,3.4073472023010254
