,# Patients,Runtime in s
0,10,0.8717880249023438
1,100,5.544097900390625
2,500,31.915743589401245
3,1000,65.61980891227722
4,5000,366.2761240005493
5,10000,796.5535078048706
6,15000,1122.0279824733734
