# Patients,Runtime in s
10,0.8717880249023438
100,5.544097900390625
500,31.915743589401245
1000,65.61980891227722
5000,366.2761240005493
10000,796.5535078048706
15000,1122.0279824733734
