,# LabTests,Runtime in s
0,10,0.0333096981048584
1,100,0.02683568000793457
2,1000,0.03520393371582031
3,10000,0.04115700721740723
4,100000,0.3676152229309082
5,1000000,4.927517414093018
6,10000000,40.47433924674988
7,100000000,2877.6453890800476
