,# Occurrences,Runtime in s
0,100,1.7668635845184326
1,500,14.567938804626465
2,1000,31.02286386489868
3,5000,1203.7521500587466
4,10000,2345.3445403575893
5,15000,3534.9957683086395
6,20000,5184.7622957229605
7,25000,6879.476635456085
8,30000,9771.302167892456
0,50000,11723.120613336563
